{"cameraMode":{"drawMode":0,"name":"Shaded","section":"Shading Mode"},"sceneLighting":true,"audioPlay":false,"sceneViewState":{"showFog":true,"showMaterialUpdate":true,"showSkybox":true,"showFlares":true,"showImageEffects":true,"showParticleSystems":true},"in2DMode":false,"pivot":{"x":23.656517028808595,"y":2.263571262359619,"z":-4.644294738769531},"rotation":{"x":0.06445468962192536,"y":-0.00449075922369957,"z":0.00028996661421842873,"w":0.9979103207588196},"size":28.300731658935548,"orthographic":false}