{"cameraMode":{"drawMode":0,"name":"Shaded","section":"Shading Mode"},"sceneLighting":true,"audioPlay":false,"sceneViewState":{"showFog":true,"showMaterialUpdate":true,"showSkybox":true,"showFlares":true,"showImageEffects":true,"showParticleSystems":true},"in2DMode":false,"pivot":{"x":163.983642578125,"y":50.92011642456055,"z":2.0310730934143068},"rotation":{"x":0.07420957833528519,"y":0.6572778224945068,"z":-0.06528385728597641,"w":0.7471398711204529},"size":10.687253952026368,"orthographic":false}